-- phpMyAdmin SQL Dump
-- version 4.9.0.1
-- https://www.phpmyadmin.net/
--
-- Host: 127.0.0.1
-- Generation Time: Sep 08, 2022 at 04:25 PM
-- Server version: 10.4.6-MariaDB
-- PHP Version: 7.3.9

SET SQL_MODE = "NO_AUTO_VALUE_ON_ZERO";
SET AUTOCOMMIT = 0;
START TRANSACTION;
SET time_zone = "+00:00";


/*!40101 SET @OLD_CHARACTER_SET_CLIENT=@@CHARACTER_SET_CLIENT */;
/*!40101 SET @OLD_CHARACTER_SET_RESULTS=@@CHARACTER_SET_RESULTS */;
/*!40101 SET @OLD_COLLATION_CONNECTION=@@COLLATION_CONNECTION */;
/*!40101 SET NAMES utf8mb4 */;

--
-- Database: `ahp2`
--

-- --------------------------------------------------------

--
-- Table structure for table `analisa_alternatif`
--

CREATE TABLE `analisa_alternatif` (
  `alternatif_pertama` varchar(4) NOT NULL,
  `nilai_analisa_alternatif` double NOT NULL,
  `hasil_analisa_alternatif` double NOT NULL,
  `alternatif_kedua` varchar(4) NOT NULL,
  `id_kriteria` varchar(2) NOT NULL
) ENGINE=InnoDB DEFAULT CHARSET=latin1;

--
-- Dumping data for table `analisa_alternatif`
--

INSERT INTO `analisa_alternatif` (`alternatif_pertama`, `nilai_analisa_alternatif`, `hasil_analisa_alternatif`, `alternatif_kedua`, `id_kriteria`) VALUES
('A001', 1, 0.26315789473684, 'A001', 'C1'),
('A001', 1, 0.2247191011236, 'A001', 'C2'),
('A001', 1, 0.18461538461538, 'A001', 'C3'),
('A001', 1, 0.23346303501946, 'A001', 'C4'),
('A001', 5, 0.45801526717557, 'A002', 'C1'),
('A001', 3, 0.35643564356436, 'A002', 'C2'),
('A001', 2, 0.3, 'A002', 'C3'),
('A001', 2, 0.28235294117647, 'A002', 'C4'),
('A001', 3, 0.41860465116279, 'A003', 'C1'),
('A001', 4, 0.35555555555556, 'A003', 'C2'),
('A001', 3, 0.29173419773096, 'A003', 'C3'),
('A001', 3, 0.25352112676056, 'A003', 'C4'),
('A001', 5, 0.3125, 'A004', 'C1'),
('A001', 5, 0.34090909090909, 'A004', 'C2'),
('A001', 2, 0.20338983050847, 'A004', 'C3'),
('A001', 6, 0.36, 'A004', 'C4'),
('A001', 5, 0.28735632183908, 'A005', 'C1'),
('A001', 3, 0.22929936305732, 'A005', 'C2'),
('A001', 2, 0.11483253588517, 'A005', 'C3'),
('A001', 2, 0.17910447761194, 'A005', 'C4'),
('A001', 3, 0.17560975609756, 'A006', 'C1'),
('A001', 4, 0.23414634146341, 'A006', 'C2'),
('A001', 3, 0.19629225736096, 'A006', 'C3'),
('A001', 4, 0.23833167825223, 'A006', 'C4'),
('A001', 5, 0.27777777777778, 'A007', 'C1'),
('A001', 3, 0.15189873417722, 'A007', 'C2'),
('A001', 2, 0.11059907834101, 'A007', 'C3'),
('A001', 2, 0.10958904109589, 'A007', 'C4'),
('A001', 2, 0.097560975609756, 'A008', 'C1'),
('A001', 2, 0.16901408450704, 'A008', 'C2'),
('A001', 4, 0.18320610687023, 'A008', 'C3'),
('A001', 2, 0.09375, 'A008', 'C4'),
('A001', 2, 0.10909090909091, 'A009', 'C1'),
('A001', 1, 0.045454545454545, 'A009', 'C2'),
('A001', 1, 0.041095890410959, 'A009', 'C3'),
('A001', 5, 0.25641025641026, 'A009', 'C4'),
('A001', 3, 0.096774193548387, 'A010', 'C1'),
('A001', 4, 0.18181818181818, 'A010', 'C2'),
('A001', 2, 0.090909090909091, 'A010', 'C3'),
('A001', 3, 0.11538461538462, 'A010', 'C4'),
('A002', 0.2, 0.052631578947369, 'A001', 'C1'),
('A002', 0.33333333333333, 0.074906367041198, 'A001', 'C2'),
('A002', 0.5, 0.092307692307692, 'A001', 'C3'),
('A002', 0.5, 0.11673151750973, 'A001', 'C4'),
('A002', 1, 0.091603053435115, 'A002', 'C1'),
('A002', 1, 0.11881188118812, 'A002', 'C2'),
('A002', 1, 0.15, 'A002', 'C3'),
('A002', 1, 0.14117647058824, 'A002', 'C4'),
('A002', 1, 0.13953488372093, 'A003', 'C1'),
('A002', 3, 0.26666666666667, 'A003', 'C2'),
('A002', 3, 0.29173419773096, 'A003', 'C3'),
('A002', 4, 0.33802816901408, 'A003', 'C4'),
('A002', 4, 0.25, 'A004', 'C1'),
('A002', 2, 0.13636363636364, 'A004', 'C2'),
('A002', 2, 0.20338983050847, 'A004', 'C3'),
('A002', 3, 0.18, 'A004', 'C4'),
('A002', 3, 0.17241379310345, 'A005', 'C1'),
('A002', 1, 0.076433121019108, 'A005', 'C2'),
('A002', 4, 0.22966507177034, 'A005', 'C3'),
('A002', 1, 0.08955223880597, 'A005', 'C4'),
('A002', 2, 0.11707317073171, 'A006', 'C1'),
('A002', 3, 0.17560975609756, 'A006', 'C2'),
('A002', 3, 0.19629225736096, 'A006', 'C3'),
('A002', 2, 0.11916583912612, 'A006', 'C4'),
('A002', 1, 0.055555555555556, 'A007', 'C1'),
('A002', 4, 0.20253164556962, 'A007', 'C2'),
('A002', 2, 0.11059907834101, 'A007', 'C3'),
('A002', 3, 0.16438356164384, 'A007', 'C4'),
('A002', 1, 0.048780487804878, 'A008', 'C1'),
('A002', 2, 0.16901408450704, 'A008', 'C2'),
('A002', 1, 0.045801526717557, 'A008', 'C3'),
('A002', 3, 0.140625, 'A008', 'C4'),
('A002', 2, 0.10909090909091, 'A009', 'C1'),
('A002', 1, 0.045454545454545, 'A009', 'C2'),
('A002', 2, 0.082191780821918, 'A009', 'C3'),
('A002', 1, 0.051282051282051, 'A009', 'C4'),
('A002', 3, 0.096774193548387, 'A010', 'C1'),
('A002', 2, 0.090909090909091, 'A010', 'C2'),
('A002', 4, 0.18181818181818, 'A010', 'C3'),
('A002', 3, 0.11538461538462, 'A010', 'C4'),
('A003', 0.33333333333333, 0.087719298245613, 'A001', 'C1'),
('A003', 0.25, 0.056179775280899, 'A001', 'C2'),
('A003', 0.33333333333333, 0.061538461538461, 'A001', 'C3'),
('A003', 0.33333333333333, 0.077821011673151, 'A001', 'C4'),
('A003', 1, 0.091603053435115, 'A002', 'C1'),
('A003', 0.33333333333333, 0.039603960396039, 'A002', 'C2'),
('A003', 0.33333333333333, 0.05, 'A002', 'C3'),
('A003', 0.25, 0.035294117647059, 'A002', 'C4'),
('A003', 1, 0.13953488372093, 'A003', 'C1'),
('A003', 1, 0.088888888888889, 'A003', 'C2'),
('A003', 1, 0.097244732576985, 'A003', 'C3'),
('A003', 1, 0.084507042253521, 'A003', 'C4'),
('A003', 3, 0.1875, 'A004', 'C1'),
('A003', 3, 0.20454545454545, 'A004', 'C2'),
('A003', 2, 0.20338983050847, 'A004', 'C3'),
('A003', 4, 0.24, 'A004', 'C4'),
('A003', 4, 0.22988505747126, 'A005', 'C1'),
('A003', 4, 0.30573248407643, 'A005', 'C2'),
('A003', 4, 0.22966507177034, 'A005', 'C3'),
('A003', 2, 0.17910447761194, 'A005', 'C4'),
('A003', 3, 0.17560975609756, 'A006', 'C1'),
('A003', 3, 0.17560975609756, 'A006', 'C2'),
('A003', 5, 0.32715376226827, 'A006', 'C3'),
('A003', 1, 0.059582919563059, 'A006', 'C4'),
('A003', 2, 0.11111111111111, 'A007', 'C1'),
('A003', 2, 0.10126582278481, 'A007', 'C2'),
('A003', 2, 0.11059907834101, 'A007', 'C3'),
('A003', 3, 0.16438356164384, 'A007', 'C4'),
('A003', 3, 0.14634146341463, 'A008', 'C1'),
('A003', 1, 0.084507042253521, 'A008', 'C2'),
('A003', 3, 0.13740458015267, 'A008', 'C3'),
('A003', 1, 0.046875, 'A008', 'C4'),
('A003', 4, 0.21818181818182, 'A009', 'C1'),
('A003', 3, 0.13636363636364, 'A009', 'C2'),
('A003', 2, 0.082191780821918, 'A009', 'C3'),
('A003', 2, 0.1025641025641, 'A009', 'C4'),
('A003', 6, 0.19354838709677, 'A010', 'C1'),
('A003', 2, 0.090909090909091, 'A010', 'C2'),
('A003', 1, 0.045454545454545, 'A010', 'C3'),
('A003', 4, 0.15384615384615, 'A010', 'C4'),
('A004', 0.2, 0.052631578947369, 'A001', 'C1'),
('A004', 0.2, 0.044943820224719, 'A001', 'C2'),
('A004', 0.5, 0.092307692307692, 'A001', 'C3'),
('A004', 0.16666666666667, 0.038910505836577, 'A001', 'C4'),
('A004', 0.25, 0.022900763358779, 'A002', 'C1'),
('A004', 0.5, 0.059405940594059, 'A002', 'C2'),
('A004', 0.5, 0.075, 'A002', 'C3'),
('A004', 0.33333333333333, 0.047058823529411, 'A002', 'C4'),
('A004', 0.33333333333333, 0.046511627906976, 'A003', 'C1'),
('A004', 0.33333333333333, 0.029629629629629, 'A003', 'C2'),
('A004', 0.5, 0.048622366288493, 'A003', 'C3'),
('A004', 0.25, 0.02112676056338, 'A003', 'C4'),
('A004', 1, 0.0625, 'A004', 'C1'),
('A004', 1, 0.068181818181818, 'A004', 'C2'),
('A004', 1, 0.10169491525424, 'A004', 'C3'),
('A004', 1, 0.06, 'A004', 'C4'),
('A004', 3, 0.17241379310345, 'A005', 'C1'),
('A004', 1, 0.076433121019108, 'A005', 'C2'),
('A004', 4, 0.22966507177034, 'A005', 'C3'),
('A004', 3, 0.26865671641791, 'A005', 'C4'),
('A004', 2, 0.11707317073171, 'A006', 'C1'),
('A004', 3, 0.17560975609756, 'A006', 'C2'),
('A004', 1, 0.065430752453653, 'A006', 'C3'),
('A004', 4, 0.23833167825223, 'A006', 'C4'),
('A004', 1, 0.055555555555556, 'A007', 'C1'),
('A004', 1, 0.050632911392405, 'A007', 'C2'),
('A004', 2, 0.11059907834101, 'A007', 'C3'),
('A004', 2, 0.10958904109589, 'A007', 'C4'),
('A004', 2, 0.097560975609756, 'A008', 'C1'),
('A004', 2, 0.16901408450704, 'A008', 'C2'),
('A004', 3, 0.13740458015267, 'A008', 'C3'),
('A004', 4, 0.1875, 'A008', 'C4'),
('A004', 3, 0.16363636363636, 'A009', 'C1'),
('A004', 3, 0.13636363636364, 'A009', 'C2'),
('A004', 4, 0.16438356164384, 'A009', 'C3'),
('A004', 1, 0.051282051282051, 'A009', 'C4'),
('A004', 3, 0.096774193548387, 'A010', 'C1'),
('A004', 2, 0.090909090909091, 'A010', 'C2'),
('A004', 2, 0.090909090909091, 'A010', 'C3'),
('A004', 3, 0.11538461538462, 'A010', 'C4'),
('A005', 0.2, 0.052631578947369, 'A001', 'C1'),
('A005', 0.33333333333333, 0.074906367041198, 'A001', 'C2'),
('A005', 0.5, 0.092307692307692, 'A001', 'C3'),
('A005', 0.5, 0.11673151750973, 'A001', 'C4'),
('A005', 0.33333333333333, 0.030534351145038, 'A002', 'C1'),
('A005', 1, 0.11881188118812, 'A002', 'C2'),
('A005', 0.25, 0.0375, 'A002', 'C3'),
('A005', 1, 0.14117647058824, 'A002', 'C4'),
('A005', 0.25, 0.034883720930233, 'A003', 'C1'),
('A005', 0.25, 0.022222222222222, 'A003', 'C2'),
('A005', 0.25, 0.024311183144246, 'A003', 'C3'),
('A005', 0.5, 0.042253521126761, 'A003', 'C4'),
('A005', 0.33333333333333, 0.020833333333333, 'A004', 'C1'),
('A005', 1, 0.068181818181818, 'A004', 'C2'),
('A005', 0.25, 0.025423728813559, 'A004', 'C3'),
('A005', 0.33333333333333, 0.02, 'A004', 'C4'),
('A005', 1, 0.057471264367816, 'A005', 'C1'),
('A005', 1, 0.076433121019108, 'A005', 'C2'),
('A005', 1, 0.057416267942584, 'A005', 'C3'),
('A005', 1, 0.08955223880597, 'A005', 'C4'),
('A005', 4, 0.23414634146341, 'A006', 'C1'),
('A005', 1, 0.058536585365854, 'A006', 'C2'),
('A005', 1, 0.065430752453653, 'A006', 'C3'),
('A005', 3, 0.17874875868918, 'A006', 'C4'),
('A005', 5, 0.27777777777778, 'A007', 'C1'),
('A005', 4, 0.20253164556962, 'A007', 'C2'),
('A005', 3, 0.16589861751152, 'A007', 'C3'),
('A005', 2, 0.10958904109589, 'A007', 'C4'),
('A005', 5, 0.24390243902439, 'A008', 'C1'),
('A005', 1, 0.084507042253521, 'A008', 'C2'),
('A005', 2, 0.091603053435115, 'A008', 'C3'),
('A005', 2, 0.09375, 'A008', 'C4'),
('A005', 2, 0.10909090909091, 'A009', 'C1'),
('A005', 3, 0.13636363636364, 'A009', 'C2'),
('A005', 4, 0.16438356164384, 'A009', 'C3'),
('A005', 3, 0.15384615384615, 'A009', 'C4'),
('A005', 4, 0.12903225806452, 'A010', 'C1'),
('A005', 2, 0.090909090909091, 'A010', 'C2'),
('A005', 3, 0.13636363636364, 'A010', 'C3'),
('A005', 2, 0.076923076923077, 'A010', 'C4'),
('A006', 0.33333333333333, 0.087719298245613, 'A001', 'C1'),
('A006', 0.25, 0.056179775280899, 'A001', 'C2'),
('A006', 0.33333333333333, 0.061538461538461, 'A001', 'C3'),
('A006', 0.25, 0.058365758754864, 'A001', 'C4'),
('A006', 0.5, 0.045801526717557, 'A002', 'C1'),
('A006', 0.33333333333333, 0.039603960396039, 'A002', 'C2'),
('A006', 0.33333333333333, 0.05, 'A002', 'C3'),
('A006', 0.5, 0.070588235294118, 'A002', 'C4'),
('A006', 0.33333333333333, 0.046511627906976, 'A003', 'C1'),
('A006', 0.33333333333333, 0.029629629629629, 'A003', 'C2'),
('A006', 0.2, 0.019448946515397, 'A003', 'C3'),
('A006', 1, 0.084507042253521, 'A003', 'C4'),
('A006', 0.5, 0.03125, 'A004', 'C1'),
('A006', 0.33333333333333, 0.022727272727273, 'A004', 'C2'),
('A006', 1, 0.10169491525424, 'A004', 'C3'),
('A006', 0.25, 0.015, 'A004', 'C4'),
('A006', 0.25, 0.014367816091954, 'A005', 'C1'),
('A006', 1, 0.076433121019108, 'A005', 'C2'),
('A006', 1, 0.057416267942584, 'A005', 'C3'),
('A006', 0.33333333333333, 0.029850746268656, 'A005', 'C4'),
('A006', 1, 0.058536585365854, 'A006', 'C1'),
('A006', 1, 0.058536585365854, 'A006', 'C2'),
('A006', 1, 0.065430752453653, 'A006', 'C3'),
('A006', 1, 0.059582919563059, 'A006', 'C4'),
('A006', 1, 0.055555555555556, 'A007', 'C1'),
('A006', 3, 0.15189873417722, 'A007', 'C2'),
('A006', 5, 0.27649769585253, 'A007', 'C3'),
('A006', 4, 0.21917808219178, 'A007', 'C4'),
('A006', 3, 0.14634146341463, 'A008', 'C1'),
('A006', 1, 0.084507042253521, 'A008', 'C2'),
('A006', 4, 0.18320610687023, 'A008', 'C3'),
('A006', 5, 0.234375, 'A008', 'C4'),
('A006', 2, 0.10909090909091, 'A009', 'C1'),
('A006', 4, 0.18181818181818, 'A009', 'C2'),
('A006', 3, 0.12328767123288, 'A009', 'C3'),
('A006', 1, 0.051282051282051, 'A009', 'C4'),
('A006', 4, 0.12903225806452, 'A010', 'C1'),
('A006', 2, 0.090909090909091, 'A010', 'C2'),
('A006', 2, 0.090909090909091, 'A010', 'C3'),
('A006', 3, 0.11538461538462, 'A010', 'C4'),
('A007', 0.2, 0.052631578947369, 'A001', 'C1'),
('A007', 0.33333333333333, 0.074906367041198, 'A001', 'C2'),
('A007', 0.5, 0.092307692307692, 'A001', 'C3'),
('A007', 0.5, 0.11673151750973, 'A001', 'C4'),
('A007', 1, 0.091603053435115, 'A002', 'C1'),
('A007', 0.25, 0.02970297029703, 'A002', 'C2'),
('A007', 0.5, 0.075, 'A002', 'C3'),
('A007', 0.33333333333333, 0.047058823529411, 'A002', 'C4'),
('A007', 0.5, 0.069767441860465, 'A003', 'C1'),
('A007', 0.5, 0.044444444444444, 'A003', 'C2'),
('A007', 0.5, 0.048622366288493, 'A003', 'C3'),
('A007', 0.33333333333333, 0.028169014084507, 'A003', 'C4'),
('A007', 1, 0.0625, 'A004', 'C1'),
('A007', 1, 0.068181818181818, 'A004', 'C2'),
('A007', 0.5, 0.050847457627119, 'A004', 'C3'),
('A007', 0.5, 0.03, 'A004', 'C4'),
('A007', 0.2, 0.011494252873563, 'A005', 'C1'),
('A007', 0.25, 0.019108280254777, 'A005', 'C2'),
('A007', 0.33333333333333, 0.019138755980861, 'A005', 'C3'),
('A007', 0.5, 0.044776119402985, 'A005', 'C4'),
('A007', 1, 0.058536585365854, 'A006', 'C1'),
('A007', 0.33333333333333, 0.019512195121951, 'A006', 'C2'),
('A007', 0.2, 0.013086150490731, 'A006', 'C3'),
('A007', 0.25, 0.014895729890765, 'A006', 'C4'),
('A007', 1, 0.055555555555556, 'A007', 'C1'),
('A007', 1, 0.050632911392405, 'A007', 'C2'),
('A007', 1, 0.055299539170507, 'A007', 'C3'),
('A007', 1, 0.054794520547945, 'A007', 'C4'),
('A007', 2, 0.097560975609756, 'A008', 'C1'),
('A007', 1, 0.084507042253521, 'A008', 'C2'),
('A007', 3, 0.13740458015267, 'A008', 'C3'),
('A007', 2, 0.09375, 'A008', 'C4'),
('A007', 1, 0.054545454545455, 'A009', 'C1'),
('A007', 2, 0.090909090909091, 'A009', 'C2'),
('A007', 4, 0.16438356164384, 'A009', 'C3'),
('A007', 4, 0.20512820512821, 'A009', 'C4'),
('A007', 2, 0.064516129032258, 'A010', 'C1'),
('A007', 4, 0.18181818181818, 'A010', 'C2'),
('A007', 2, 0.090909090909091, 'A010', 'C3'),
('A007', 2, 0.076923076923077, 'A010', 'C4'),
('A008', 0.5, 0.13157894736842, 'A001', 'C1'),
('A008', 0.5, 0.1123595505618, 'A001', 'C2'),
('A008', 0.25, 0.046153846153846, 'A001', 'C3'),
('A008', 0.5, 0.11673151750973, 'A001', 'C4'),
('A008', 1, 0.091603053435115, 'A002', 'C1'),
('A008', 0.5, 0.059405940594059, 'A002', 'C2'),
('A008', 1, 0.15, 'A002', 'C3'),
('A008', 0.33333333333333, 0.047058823529411, 'A002', 'C4'),
('A008', 0.33333333333333, 0.046511627906976, 'A003', 'C1'),
('A008', 1, 0.088888888888889, 'A003', 'C2'),
('A008', 0.33333333333333, 0.032414910858995, 'A003', 'C3'),
('A008', 1, 0.084507042253521, 'A003', 'C4'),
('A008', 0.5, 0.03125, 'A004', 'C1'),
('A008', 0.5, 0.034090909090909, 'A004', 'C2'),
('A008', 0.33333333333333, 0.033898305084745, 'A004', 'C3'),
('A008', 0.25, 0.015, 'A004', 'C4'),
('A008', 0.2, 0.011494252873563, 'A005', 'C1'),
('A008', 1, 0.076433121019108, 'A005', 'C2'),
('A008', 0.5, 0.028708133971292, 'A005', 'C3'),
('A008', 0.5, 0.044776119402985, 'A005', 'C4'),
('A008', 0.33333333333333, 0.019512195121951, 'A006', 'C1'),
('A008', 1, 0.058536585365854, 'A006', 'C2'),
('A008', 0.25, 0.016357688113413, 'A006', 'C3'),
('A008', 0.2, 0.011916583912612, 'A006', 'C4'),
('A008', 0.5, 0.027777777777778, 'A007', 'C1'),
('A008', 1, 0.050632911392405, 'A007', 'C2'),
('A008', 0.33333333333333, 0.018433179723502, 'A007', 'C3'),
('A008', 0.5, 0.027397260273973, 'A007', 'C4'),
('A008', 1, 0.048780487804878, 'A008', 'C1'),
('A008', 1, 0.084507042253521, 'A008', 'C2'),
('A008', 1, 0.045801526717557, 'A008', 'C3'),
('A008', 1, 0.046875, 'A008', 'C4'),
('A008', 1, 0.054545454545455, 'A009', 'C1'),
('A008', 3, 0.13636363636364, 'A009', 'C2'),
('A008', 3, 0.12328767123288, 'A009', 'C3'),
('A008', 1, 0.051282051282051, 'A009', 'C4'),
('A008', 2, 0.064516129032258, 'A010', 'C1'),
('A008', 2, 0.090909090909091, 'A010', 'C2'),
('A008', 2, 0.090909090909091, 'A010', 'C3'),
('A008', 3, 0.11538461538462, 'A010', 'C4'),
('A009', 0.5, 0.13157894736842, 'A001', 'C1'),
('A009', 1, 0.2247191011236, 'A001', 'C2'),
('A009', 1, 0.18461538461538, 'A001', 'C3'),
('A009', 0.2, 0.046692607003891, 'A001', 'C4'),
('A009', 0.5, 0.045801526717557, 'A002', 'C1'),
('A009', 1, 0.11881188118812, 'A002', 'C2'),
('A009', 0.5, 0.075, 'A002', 'C3'),
('A009', 1, 0.14117647058824, 'A002', 'C4'),
('A009', 0.25, 0.034883720930233, 'A003', 'C1'),
('A009', 0.33333333333333, 0.029629629629629, 'A003', 'C2'),
('A009', 0.5, 0.048622366288493, 'A003', 'C3'),
('A009', 0.5, 0.042253521126761, 'A003', 'C4'),
('A009', 0.33333333333333, 0.020833333333333, 'A004', 'C1'),
('A009', 0.33333333333333, 0.022727272727273, 'A004', 'C2'),
('A009', 0.25, 0.025423728813559, 'A004', 'C3'),
('A009', 1, 0.06, 'A004', 'C4'),
('A009', 0.5, 0.028735632183908, 'A005', 'C1'),
('A009', 0.33333333333333, 0.025477707006369, 'A005', 'C2'),
('A009', 0.25, 0.014354066985646, 'A005', 'C3'),
('A009', 0.33333333333333, 0.029850746268656, 'A005', 'C4'),
('A009', 0.5, 0.029268292682927, 'A006', 'C1'),
('A009', 0.25, 0.014634146341463, 'A006', 'C2'),
('A009', 0.33333333333333, 0.021810250817884, 'A006', 'C3'),
('A009', 1, 0.059582919563059, 'A006', 'C4'),
('A009', 1, 0.055555555555556, 'A007', 'C1'),
('A009', 0.5, 0.025316455696203, 'A007', 'C2'),
('A009', 0.25, 0.013824884792627, 'A007', 'C3'),
('A009', 0.25, 0.013698630136986, 'A007', 'C4'),
('A009', 1, 0.048780487804878, 'A008', 'C1'),
('A009', 0.33333333333333, 0.028169014084507, 'A008', 'C2'),
('A009', 0.33333333333333, 0.015267175572519, 'A008', 'C3'),
('A009', 1, 0.046875, 'A008', 'C4'),
('A009', 1, 0.054545454545455, 'A009', 'C1'),
('A009', 1, 0.045454545454545, 'A009', 'C2'),
('A009', 1, 0.041095890410959, 'A009', 'C3'),
('A009', 1, 0.051282051282051, 'A009', 'C4'),
('A009', 3, 0.096774193548387, 'A010', 'C1'),
('A009', 1, 0.045454545454545, 'A010', 'C2'),
('A009', 3, 0.13636363636364, 'A010', 'C3'),
('A009', 2, 0.076923076923077, 'A010', 'C4'),
('A010', 0.33333333333333, 0.087719298245613, 'A001', 'C1'),
('A010', 0.25, 0.056179775280899, 'A001', 'C2'),
('A010', 0.5, 0.092307692307692, 'A001', 'C3'),
('A010', 0.33333333333333, 0.077821011673151, 'A001', 'C4'),
('A010', 0.33333333333333, 0.030534351145038, 'A002', 'C1'),
('A010', 0.5, 0.059405940594059, 'A002', 'C2'),
('A010', 0.25, 0.0375, 'A002', 'C3'),
('A010', 0.33333333333333, 0.047058823529411, 'A002', 'C4'),
('A010', 0.16666666666667, 0.023255813953489, 'A003', 'C1'),
('A010', 0.5, 0.044444444444444, 'A003', 'C2'),
('A010', 1, 0.097244732576985, 'A003', 'C3'),
('A010', 0.25, 0.02112676056338, 'A003', 'C4'),
('A010', 0.33333333333333, 0.020833333333333, 'A004', 'C1'),
('A010', 0.5, 0.034090909090909, 'A004', 'C2'),
('A010', 0.5, 0.050847457627119, 'A004', 'C3'),
('A010', 0.33333333333333, 0.02, 'A004', 'C4'),
('A010', 0.25, 0.014367816091954, 'A005', 'C1'),
('A010', 0.5, 0.038216560509554, 'A005', 'C2'),
('A010', 0.33333333333333, 0.019138755980861, 'A005', 'C3'),
('A010', 0.5, 0.044776119402985, 'A005', 'C4'),
('A010', 0.25, 0.014634146341463, 'A006', 'C1'),
('A010', 0.5, 0.029268292682927, 'A006', 'C2'),
('A010', 0.5, 0.032715376226827, 'A006', 'C3'),
('A010', 0.33333333333333, 0.019860973187686, 'A006', 'C4'),
('A010', 0.5, 0.027777777777778, 'A007', 'C1'),
('A010', 0.25, 0.012658227848101, 'A007', 'C2'),
('A010', 0.5, 0.027649769585253, 'A007', 'C3'),
('A010', 0.5, 0.027397260273973, 'A007', 'C4'),
('A010', 0.5, 0.024390243902439, 'A008', 'C1'),
('A010', 0.5, 0.042253521126761, 'A008', 'C2'),
('A010', 0.5, 0.022900763358779, 'A008', 'C3'),
('A010', 0.33333333333333, 0.015625, 'A008', 'C4'),
('A010', 0.33333333333333, 0.018181818181818, 'A009', 'C1'),
('A010', 1, 0.045454545454545, 'A009', 'C2'),
('A010', 0.33333333333333, 0.013698630136986, 'A009', 'C3'),
('A010', 0.5, 0.025641025641026, 'A009', 'C4'),
('A010', 1, 0.032258064516129, 'A010', 'C1'),
('A010', 1, 0.045454545454545, 'A010', 'C2'),
('A010', 1, 0.045454545454545, 'A010', 'C3'),
('A010', 1, 0.038461538461538, 'A010', 'C4');

-- --------------------------------------------------------

--
-- Table structure for table `analisa_kriteria`
--

CREATE TABLE `analisa_kriteria` (
  `kriteria_pertama` varchar(2) NOT NULL,
  `nilai_analisa_kriteria` double NOT NULL,
  `hasil_analisa_kriteria` double NOT NULL,
  `kriteria_kedua` varchar(2) NOT NULL
) ENGINE=InnoDB DEFAULT CHARSET=latin1;

--
-- Dumping data for table `analisa_kriteria`
--

INSERT INTO `analisa_kriteria` (`kriteria_pertama`, `nilai_analisa_kriteria`, `hasil_analisa_kriteria`, `kriteria_kedua`) VALUES
('C1', 1, 0.59659090909091, 'C1'),
('C1', 7, 0.83582089552239, 'C2'),
('C1', 5, 0.35433070866142, 'C3'),
('C1', 3, 0.17647058823529, 'C4'),
('C2', 0.14285714285714, 0.085227272727271, 'C1'),
('C2', 1, 0.11940298507463, 'C2'),
('C2', 8, 0.56692913385827, 'C3'),
('C2', 4, 0.23529411764706, 'C4'),
('C3', 0.2, 0.11931818181818, 'C1'),
('C3', 0.125, 0.014925373134328, 'C2'),
('C3', 1, 0.070866141732283, 'C3'),
('C3', 9, 0.52941176470588, 'C4'),
('C4', 0.33333333333333, 0.19886363636364, 'C1'),
('C4', 0.25, 0.029850746268657, 'C2'),
('C4', 0.11111111111111, 0.0078740157480314, 'C3'),
('C4', 1, 0.058823529411765, 'C4');

-- --------------------------------------------------------

--
-- Table structure for table `data_alternatif`
--

CREATE TABLE `data_alternatif` (
  `id_alternatif` varchar(4) NOT NULL,
  `id_kelas` int(11) NOT NULL,
  `nis` char(18) NOT NULL,
  `nama` varchar(45) NOT NULL,
  `tempat_lahir` varchar(100) NOT NULL,
  `tanggal_lahir` date NOT NULL,
  `kelamin` varchar(256) NOT NULL,
  `alamat` varchar(255) NOT NULL,
  `hasil_akhir` double DEFAULT NULL
) ENGINE=InnoDB DEFAULT CHARSET=latin1;

--
-- Dumping data for table `data_alternatif`
--

INSERT INTO `data_alternatif` (`id_alternatif`, `id_kelas`, `nis`, `nama`, `tempat_lahir`, `tanggal_lahir`, `kelamin`, `alamat`, `hasil_akhir`) VALUES
('A001', 2, '2007', 'Aan Anugrah ', 'Lombonga', '2002-04-04', 'Laki-laki', 'Jl trans Labean Manimbaya', 0.281825704283903),
('A002', 2, '2163', 'Adi Putra', 'Labean', '2002-07-07', 'Laki-laki', 'Bosa', 0.1645351856436038),
('A003', 2, '2173', 'Aisya', 'Pomolulu', '2002-09-09', 'Perempuan', 'Lingkar Balaesang Tanjung', 0.15845457545597846),
('A004', 2, '2177', 'Aldiansyah', 'Labean', '2002-01-20', 'Laki-laki', 'Sindang Sari', 0.10245490446593791),
('A005', 2, '2179', 'Alhalik', 'Meli', '2002-06-12', 'Laki-laki', 'Jl Poros Palu Sabang', 0.10902279847791829),
('A006', 2, '2183', 'Aras', 'Lombonga', '2002-06-29', 'Laki-laki', 'Jl Poros Palu Sabang', 0.0701256888487162),
('A007', 2, '2186', 'Arum Rahmat ', 'Lende', '2002-07-29', 'Laki-laki', 'Labuana', 0.0636382769791699),
('A008', 2, '2189', 'Ayu Indah Lestari', 'Makassar', '2001-10-13', 'Perempuan', 'Jl Poros Palu Sabang', 0.0581794842360498),
('A009', 2, '2193', 'Citra', 'Lombonga', '2003-02-08', 'Perempuan', 'Jl Daeng Matuo', 0.055524863936551705),
('A010', 2, '2203', 'Egidiues Riski', 'Walandano', '2002-09-03', 'Perempuan', 'Walandano', 0.032489360830890504);

-- --------------------------------------------------------

--
-- Table structure for table `data_kriteria`
--

CREATE TABLE `data_kriteria` (
  `id_kriteria` varchar(2) NOT NULL,
  `nama_kriteria` varchar(45) NOT NULL,
  `jumlah_kriteria` double NOT NULL,
  `bobot_kriteria` double NOT NULL
) ENGINE=InnoDB DEFAULT CHARSET=latin1;

--
-- Dumping data for table `data_kriteria`
--

INSERT INTO `data_kriteria` (`id_kriteria`, `nama_kriteria`, `jumlah_kriteria`, `bobot_kriteria`) VALUES
('C1', 'Akademik', 1.6761904761904698, 0.4908032753775025),
('C2', 'Ekstrakulikuler', 8.375, 0.25171337732680776),
('C3', 'Sikap', 14.11111111111111, 0.18363036534766775),
('C4', 'Absensi', 17, 0.07385298194802335);

-- --------------------------------------------------------

--
-- Table structure for table `hasil_kriteria`
--

CREATE TABLE `hasil_kriteria` (
  `id` int(11) NOT NULL,
  `hasil_akhir` double NOT NULL,
  `ir_kriteria` double NOT NULL,
  `ci_kriteria` double NOT NULL,
  `cr_kriteria` double NOT NULL
) ENGINE=InnoDB DEFAULT CHARSET=latin1;

--
-- Dumping data for table `hasil_kriteria`
--

INSERT INTO `hasil_kriteria` (`id`, `hasil_akhir`, `ir_kriteria`, `ci_kriteria`, `cr_kriteria`) VALUES
(4, 6.7775, 0.9, 0.92583616429805, 1.0287068492201);

-- --------------------------------------------------------

--
-- Table structure for table `jum_alt_kri`
--

CREATE TABLE `jum_alt_kri` (
  `id_alternatif` varchar(4) NOT NULL,
  `id_kriteria` varchar(2) NOT NULL,
  `jumlah_alt_kri` double NOT NULL,
  `skor_alt_kri` double NOT NULL,
  `hasil_alt_kri` double NOT NULL
) ENGINE=InnoDB DEFAULT CHARSET=latin1;

--
-- Dumping data for table `jum_alt_kri`
--

INSERT INTO `jum_alt_kri` (`id_alternatif`, `id_kriteria`, `jumlah_alt_kri`, `skor_alt_kri`, `hasil_alt_kri`) VALUES
('A001', 'C1', 3.79999999999999, 0.3032649380756207, 0.16531900265901),
('A001', 'C2', 4.44999999999999, 0.2744668697029371, 0.071220854496688),
('A001', 'C3', 5.41666666666666, 0.23912273703011408, 0.032135397293044),
('A001', 'C4', 4.2833333333333306, 0.21560699832531652, 0.013150449835161),
('A002', 'C1', 10.91666666666666, 0.17526340512102073, 0.095541448085251),
('A002', 'C2', 8.41666666666666, 0.15758800597464226, 0.040892193859648),
('A002', 'C3', 6.666666666666661, 0.1463580225730207, 0.019668866544531),
('A002', 'C4', 7.0833333333333215, 0.13825718753716587, 0.0084326771541738),
('A003', 'C1', 7.166666666666661, 0.16732566681908487, 0.091214343911022),
('A003', 'C2', 11.249999999999991, 0.15264264877543715, 0.039608933093422),
('A003', 'C3', 10.28333333333333, 0.1448674795642664, 0.01946855438533),
('A003', 'C4', 11.83333333333333, 0.1338315242651656, 0.0081627440662045),
('A004', 'C1', 15.999999999999991, 0.10496424199656665, 0.057219221951086),
('A004', 'C2', 14.66666666666666, 0.09838460822313431, 0.025529623573721),
('A004', 'C3', 9.83333333333333, 0.10076683910366697, 0.013541925994904),
('A004', 'C4', 16.666666666666657, 0.10106347832001272, 0.0061641329462269),
('A005', 'C1', 17.4, 0.11279287379158223, 0.061486848827932),
('A005', 'C2', 13.08333333333333, 0.10680050791164564, 0.027713448411389),
('A005', 'C3', 17.416666666666657, 0.10203748195629381, 0.013712686054753),
('A005', 'C4', 11.16666666666666, 0.10017291641149592, 0.0061098151838443),
('A006', 'C1', 17.08333333333333, 0.0654249184371424, 0.035665126122751),
('A006', 'C2', 17.08333333333333, 0.07165914689350944, 0.01859468751104),
('A006', 'C3', 15.28333333333333, 0.07852906599901946, 0.010553420248834),
('A006', 'C4', 16.783333333333328, 0.08709986983980297, 0.0053124549660912),
('A007', 'C1', 18, 0.061871102722539095, 0.033727832371287),
('A007', 'C2', 19.75, 0.0641217164469903, 0.016638814885351),
('A007', 'C3', 18.08333333333333, 0.067647784117027, 0.0090910987620594),
('A007', 'C4', 18.25, 0.06854151326318599, 0.0041805309604725),
('A008', 'C1', 20.5, 0.05275699258663939, 0.028759451893964),
('A008', 'C2', 11.83333333333333, 0.0659848801152835, 0.017122283468159),
('A008', 'C3', 21.83333333333333, 0.06352206516903305, 0.0085366486952867),
('A008', 'C4', 21.33333333333333, 0.06166477421549734, 0.0037611001786401),
('A009', 'C1', 18.33333333333333, 0.05467571446706541, 0.029805405935552),
('A009', 'C2', 22, 0.05635757216884539, 0.014624112744712),
('A009', 'C3', 24.33333333333333, 0.0567842942679205, 0.0076311683237171),
('A009', 'C4', 19.5, 0.05679659627325839, 0.0034641769325706),
('A010', 'C1', 31, 0.0293952663489054, 0.016024259667252),
('A010', 'C2', 22, 0.0350689712987899, 0.0090999766380653),
('A010', 'C3', 22, 0.03802790497436149, 0.0051105212735137),
('A010', 'C4', 26, 0.03696514154909987, 0.0022546032520595);

-- --------------------------------------------------------

--
-- Table structure for table `kelas`
--

CREATE TABLE `kelas` (
  `id_kelas` int(11) NOT NULL,
  `nama_kelas` varchar(50) NOT NULL
) ENGINE=InnoDB DEFAULT CHARSET=latin1;

--
-- Dumping data for table `kelas`
--

INSERT INTO `kelas` (`id_kelas`, `nama_kelas`) VALUES
(1, 'Kelas Satu'),
(2, 'Kelas Dua'),
(3, 'Kelas Tiga');

-- --------------------------------------------------------

--
-- Table structure for table `nilai`
--

CREATE TABLE `nilai` (
  `id_nilai` int(11) NOT NULL,
  `jum_nilai` double NOT NULL,
  `ket_nilai` text NOT NULL
) ENGINE=InnoDB DEFAULT CHARSET=latin1;

--
-- Dumping data for table `nilai`
--

INSERT INTO `nilai` (`id_nilai`, `jum_nilai`, `ket_nilai`) VALUES
(2, 9, 'Mutlak sangat penting dari'),
(3, 8, 'Mendekati mutlak dari'),
(8, 7, 'Sangat penting dari'),
(9, 6, 'Mendekati sangat penting dari'),
(10, 5, 'Lebih penting dari'),
(11, 4, 'Mendekati lebih penting dari'),
(12, 3, 'Sedikit lebih penting dari'),
(13, 2, 'Mendekati sedikit lebih penting dari'),
(14, 1, 'Sama penting dengan');

-- --------------------------------------------------------

--
-- Table structure for table `nilai_awal`
--

CREATE TABLE `nilai_awal` (
  `id_nilai_awal` int(11) NOT NULL,
  `id_alternatif` varchar(4) NOT NULL,
  `nilai` varchar(5) NOT NULL,
  `keterangan` enum('B','C','K') NOT NULL,
  `periode` varchar(4) NOT NULL
) ENGINE=InnoDB DEFAULT CHARSET=latin1;

--
-- Dumping data for table `nilai_awal`
--

INSERT INTO `nilai_awal` (`id_nilai_awal`, `id_alternatif`, `nilai`, `keterangan`, `periode`) VALUES
(101, 'A001', '85.25', 'B', '2022'),
(102, 'A002', '81', 'B', '2022'),
(103, 'A003', '85.25', 'B', '2022'),
(104, 'A004', '82', 'B', '2022'),
(105, 'A005', '84.5', 'B', '2022'),
(106, 'A006', '85.25', 'B', '2022'),
(107, 'A007', '82.25', 'B', '2022'),
(108, 'A008', '85.75', 'B', '2022'),
(109, 'A009', '87.5', 'B', '2022'),
(110, 'A010', '80.75', 'B', '2022');

-- --------------------------------------------------------

--
-- Table structure for table `nilai_awal_detail`
--

CREATE TABLE `nilai_awal_detail` (
  `id_nilai_awal_detail` int(11) NOT NULL,
  `id_nilai_awal` int(11) NOT NULL,
  `id_kriteria` varchar(2) NOT NULL,
  `nilai` int(2) NOT NULL
) ENGINE=InnoDB DEFAULT CHARSET=latin1;

--
-- Dumping data for table `nilai_awal_detail`
--

INSERT INTO `nilai_awal_detail` (`id_nilai_awal_detail`, `id_nilai_awal`, `id_kriteria`, `nilai`) VALUES
(246, 55, 'C1', 84),
(247, 55, 'C2', 83),
(248, 55, 'C3', 80),
(249, 55, 'C4', 90),
(250, 56, 'C1', 84),
(251, 56, 'C2', 86),
(252, 56, 'C3', 83),
(253, 56, 'C4', 85),
(254, 57, 'C1', 81),
(255, 57, 'C2', 84),
(256, 57, 'C3', 85),
(257, 57, 'C4', 90),
(258, 58, 'C1', 85),
(259, 58, 'C2', 79),
(260, 58, 'C3', 80),
(261, 58, 'C4', 87),
(262, 59, 'C1', 81),
(263, 59, 'C2', 80),
(264, 59, 'C3', 87),
(265, 59, 'C4', 89),
(266, 60, 'C1', 83),
(267, 60, 'C2', 88),
(268, 60, 'C3', 86),
(269, 60, 'C4', 80),
(270, 61, 'C1', 84),
(271, 61, 'C2', 80),
(272, 61, 'C3', 88),
(273, 61, 'C4', 80),
(274, 62, 'C1', 82),
(275, 62, 'C2', 87),
(276, 62, 'C3', 80),
(277, 62, 'C4', 85),
(278, 63, 'C1', 82),
(279, 63, 'C2', 87),
(280, 63, 'C3', 81),
(281, 63, 'C4', 85),
(282, 64, 'C1', 81),
(283, 64, 'C2', 80),
(284, 64, 'C3', 82),
(285, 64, 'C4', 85),
(286, 65, 'C1', 81),
(287, 65, 'C2', 80),
(288, 65, 'C3', 87),
(289, 65, 'C4', 80),
(290, 66, 'C1', 81),
(291, 66, 'C2', 86),
(292, 66, 'C3', 82),
(293, 66, 'C4', 85),
(294, 67, 'C1', 81),
(295, 67, 'C2', 87),
(296, 67, 'C3', 88),
(297, 67, 'C4', 90),
(298, 68, 'C1', 81),
(299, 68, 'C2', 86),
(300, 68, 'C3', 85),
(301, 68, 'C4', 100),
(302, 69, 'C1', 80),
(303, 69, 'C2', 85),
(304, 69, 'C3', 86),
(305, 69, 'C4', 80),
(306, 70, 'C1', 84),
(307, 70, 'C2', 84),
(308, 70, 'C3', 84),
(309, 70, 'C4', 95),
(310, 71, 'C1', 83),
(311, 71, 'C2', 80),
(312, 71, 'C3', 87),
(313, 71, 'C4', 100),
(314, 72, 'C1', 81),
(315, 72, 'C2', 86),
(316, 72, 'C3', 88),
(317, 72, 'C4', 95),
(318, 73, 'C1', 80),
(319, 73, 'C2', 87),
(320, 73, 'C3', 82),
(321, 73, 'C4', 90),
(322, 74, 'C1', 82),
(323, 74, 'C2', 86),
(324, 74, 'C3', 88),
(325, 74, 'C4', 85),
(326, 75, 'C1', 81),
(327, 75, 'C2', 80),
(328, 75, 'C3', 83),
(329, 75, 'C4', 80),
(330, 76, 'C1', 83),
(331, 76, 'C2', 85),
(332, 76, 'C3', 85),
(333, 76, 'C4', 88),
(334, 77, 'C1', 80),
(335, 77, 'C2', 87),
(336, 77, 'C3', 81),
(337, 77, 'C4', 80),
(338, 78, 'C1', 89),
(339, 78, 'C2', 85),
(340, 78, 'C3', 85),
(341, 78, 'C4', 80),
(342, 79, 'C1', 87),
(343, 79, 'C2', 80),
(344, 79, 'C3', 83),
(345, 79, 'C4', 81),
(346, 80, 'C1', 83),
(347, 80, 'C2', 80),
(348, 80, 'C3', 83),
(349, 80, 'C4', 80),
(350, 81, 'C1', 86),
(351, 81, 'C2', 87),
(352, 81, 'C3', 80),
(353, 81, 'C4', 80),
(354, 82, 'C1', 82),
(355, 82, 'C2', 86),
(356, 82, 'C3', 88),
(357, 82, 'C4', 85),
(358, 83, 'C1', 81),
(359, 83, 'C2', 80),
(360, 83, 'C3', 83),
(361, 83, 'C4', 80),
(362, 84, 'C1', 83),
(363, 84, 'C2', 85),
(364, 84, 'C3', 85),
(365, 84, 'C4', 88),
(366, 85, 'C1', 80),
(367, 85, 'C2', 87),
(368, 85, 'C3', 81),
(369, 85, 'C4', 80),
(370, 86, 'C1', 0),
(371, 86, 'C2', 0),
(372, 86, 'C3', 0),
(373, 86, 'C4', 0),
(374, 87, 'C1', 0),
(375, 87, 'C2', 0),
(376, 87, 'C3', 0),
(377, 87, 'C4', 0),
(378, 88, 'C1', 0),
(379, 88, 'C2', 0),
(380, 88, 'C3', 0),
(381, 88, 'C4', 0),
(382, 89, 'C1', 0),
(383, 89, 'C2', 0),
(384, 89, 'C3', 0),
(385, 89, 'C4', 0),
(386, 90, 'C1', 80),
(387, 90, 'C2', 83),
(388, 90, 'C3', 84),
(389, 90, 'C4', 86),
(390, 91, 'C1', 82),
(391, 91, 'C2', 86),
(392, 91, 'C3', 88),
(393, 91, 'C4', 85),
(394, 92, 'C1', 81),
(395, 92, 'C2', 80),
(396, 92, 'C3', 83),
(397, 92, 'C4', 80),
(398, 93, 'C1', 83),
(399, 93, 'C2', 85),
(400, 93, 'C3', 85),
(401, 93, 'C4', 88),
(402, 94, 'C1', 80),
(403, 94, 'C2', 87),
(404, 94, 'C3', 81),
(405, 94, 'C4', 80),
(406, 95, 'C1', 80),
(407, 95, 'C2', 82),
(408, 95, 'C3', 79),
(409, 95, 'C4', 81),
(410, 96, 'C1', 79),
(411, 96, 'C2', 80),
(412, 96, 'C3', 80),
(413, 96, 'C4', 82),
(414, 97, 'C1', 80),
(415, 97, 'C2', 83),
(416, 97, 'C3', 80),
(417, 97, 'C4', 80),
(418, 98, 'C1', 84),
(419, 98, 'C2', 85),
(420, 98, 'C3', 80),
(421, 98, 'C4', 82),
(422, 99, 'C1', 80),
(423, 99, 'C2', 85),
(424, 99, 'C3', 85),
(425, 99, 'C4', 83),
(426, 100, 'C1', 80),
(427, 100, 'C2', 82),
(428, 100, 'C3', 82),
(429, 100, 'C4', 85),
(430, 101, 'C1', 82),
(431, 101, 'C2', 86),
(432, 101, 'C3', 88),
(433, 101, 'C4', 85),
(434, 102, 'C1', 81),
(435, 102, 'C2', 80),
(436, 102, 'C3', 83),
(437, 102, 'C4', 80),
(438, 103, 'C1', 83),
(439, 103, 'C2', 85),
(440, 103, 'C3', 85),
(441, 103, 'C4', 88),
(442, 104, 'C1', 80),
(443, 104, 'C2', 87),
(444, 104, 'C3', 81),
(445, 104, 'C4', 80),
(446, 105, 'C1', 82),
(447, 105, 'C2', 80),
(448, 105, 'C3', 86),
(449, 105, 'C4', 90),
(450, 106, 'C1', 83),
(451, 106, 'C2', 84),
(452, 106, 'C3', 87),
(453, 106, 'C4', 87),
(454, 107, 'C1', 80),
(455, 107, 'C2', 85),
(456, 107, 'C3', 79),
(457, 107, 'C4', 85),
(458, 108, 'C1', 83),
(459, 108, 'C2', 87),
(460, 108, 'C3', 83),
(461, 108, 'C4', 90),
(462, 109, 'C1', 83),
(463, 109, 'C2', 87),
(464, 109, 'C3', 85),
(465, 109, 'C4', 95),
(466, 110, 'C1', 83),
(467, 110, 'C2', 80),
(468, 110, 'C3', 80),
(469, 110, 'C4', 80);

-- --------------------------------------------------------

--
-- Table structure for table `ranking`
--

CREATE TABLE `ranking` (
  `kriteria` varchar(2) NOT NULL,
  `skor_bobot` double NOT NULL,
  `alternatif` varchar(4) NOT NULL
) ENGINE=InnoDB DEFAULT CHARSET=latin1;

-- --------------------------------------------------------

--
-- Table structure for table `role`
--

CREATE TABLE `role` (
  `id` int(11) NOT NULL,
  `role` varchar(255) NOT NULL
) ENGINE=InnoDB DEFAULT CHARSET=latin1;

--
-- Dumping data for table `role`
--

INSERT INTO `role` (`id`, `role`) VALUES
(1, 'Administrator'),
(2, 'User');

-- --------------------------------------------------------

--
-- Table structure for table `user`
--

CREATE TABLE `user` (
  `id` int(11) NOT NULL,
  `username` varchar(255) NOT NULL,
  `nama_lengkap` varchar(255) NOT NULL,
  `jabatan` varchar(256) NOT NULL,
  `role_id` int(11) NOT NULL,
  `img_dir` varchar(256) NOT NULL,
  `password` varchar(256) NOT NULL
) ENGINE=InnoDB DEFAULT CHARSET=latin1;

--
-- Dumping data for table `user`
--

INSERT INTO `user` (`id`, `username`, `nama_lengkap`, `jabatan`, `role_id`, `img_dir`, `password`) VALUES
(6, 'audy', 'Audy Ruslan', 'Kepala Sekolah', 1, 'image/1650293713.png', '$2y$10$STshDAwmQJdW7FdQFozLDe7yYSAeYs4S8axZA6qNT9JGbVLDJR6Uy'),
(9, 'Aldair', 'Aldair', 'Guru ', 1, 'image/1661863587.png', '$2y$10$lwkMRAhXhEnK1U3aC1AeB.xD/226N3e5pVf26IKqDZUsV2Z6MJ7jO');

--
-- Indexes for dumped tables
--

--
-- Indexes for table `analisa_alternatif`
--
ALTER TABLE `analisa_alternatif`
  ADD PRIMARY KEY (`alternatif_pertama`,`alternatif_kedua`,`id_kriteria`),
  ADD KEY `alternatif_kedua` (`alternatif_kedua`),
  ADD KEY `id_kriteria` (`id_kriteria`);

--
-- Indexes for table `analisa_kriteria`
--
ALTER TABLE `analisa_kriteria`
  ADD PRIMARY KEY (`kriteria_pertama`,`kriteria_kedua`),
  ADD KEY `kriteria_kedua` (`kriteria_kedua`);

--
-- Indexes for table `data_alternatif`
--
ALTER TABLE `data_alternatif`
  ADD PRIMARY KEY (`id_alternatif`),
  ADD KEY `id_kelas` (`id_kelas`);

--
-- Indexes for table `data_kriteria`
--
ALTER TABLE `data_kriteria`
  ADD PRIMARY KEY (`id_kriteria`);

--
-- Indexes for table `hasil_kriteria`
--
ALTER TABLE `hasil_kriteria`
  ADD PRIMARY KEY (`id`);

--
-- Indexes for table `jum_alt_kri`
--
ALTER TABLE `jum_alt_kri`
  ADD PRIMARY KEY (`id_alternatif`,`id_kriteria`),
  ADD KEY `id_kriteria` (`id_kriteria`);

--
-- Indexes for table `kelas`
--
ALTER TABLE `kelas`
  ADD PRIMARY KEY (`id_kelas`);

--
-- Indexes for table `nilai`
--
ALTER TABLE `nilai`
  ADD PRIMARY KEY (`id_nilai`);

--
-- Indexes for table `nilai_awal`
--
ALTER TABLE `nilai_awal`
  ADD PRIMARY KEY (`id_nilai_awal`,`id_alternatif`),
  ADD KEY `alternatif` (`id_alternatif`);

--
-- Indexes for table `nilai_awal_detail`
--
ALTER TABLE `nilai_awal_detail`
  ADD PRIMARY KEY (`id_nilai_awal_detail`,`id_nilai_awal`),
  ADD KEY `alternatif` (`id_nilai_awal`),
  ADD KEY `id_kriteria` (`id_kriteria`);

--
-- Indexes for table `ranking`
--
ALTER TABLE `ranking`
  ADD PRIMARY KEY (`kriteria`,`alternatif`),
  ADD KEY `alternatif` (`alternatif`);

--
-- Indexes for table `role`
--
ALTER TABLE `role`
  ADD PRIMARY KEY (`id`);

--
-- Indexes for table `user`
--
ALTER TABLE `user`
  ADD PRIMARY KEY (`id`);

--
-- AUTO_INCREMENT for dumped tables
--

--
-- AUTO_INCREMENT for table `hasil_kriteria`
--
ALTER TABLE `hasil_kriteria`
  MODIFY `id` int(11) NOT NULL AUTO_INCREMENT, AUTO_INCREMENT=5;

--
-- AUTO_INCREMENT for table `kelas`
--
ALTER TABLE `kelas`
  MODIFY `id_kelas` int(11) NOT NULL AUTO_INCREMENT, AUTO_INCREMENT=4;

--
-- AUTO_INCREMENT for table `nilai`
--
ALTER TABLE `nilai`
  MODIFY `id_nilai` int(11) NOT NULL AUTO_INCREMENT, AUTO_INCREMENT=24;

--
-- AUTO_INCREMENT for table `nilai_awal`
--
ALTER TABLE `nilai_awal`
  MODIFY `id_nilai_awal` int(11) NOT NULL AUTO_INCREMENT, AUTO_INCREMENT=111;

--
-- AUTO_INCREMENT for table `nilai_awal_detail`
--
ALTER TABLE `nilai_awal_detail`
  MODIFY `id_nilai_awal_detail` int(11) NOT NULL AUTO_INCREMENT, AUTO_INCREMENT=470;

--
-- AUTO_INCREMENT for table `role`
--
ALTER TABLE `role`
  MODIFY `id` int(11) NOT NULL AUTO_INCREMENT, AUTO_INCREMENT=5;

--
-- AUTO_INCREMENT for table `user`
--
ALTER TABLE `user`
  MODIFY `id` int(11) NOT NULL AUTO_INCREMENT, AUTO_INCREMENT=10;
COMMIT;

/*!40101 SET CHARACTER_SET_CLIENT=@OLD_CHARACTER_SET_CLIENT */;
/*!40101 SET CHARACTER_SET_RESULTS=@OLD_CHARACTER_SET_RESULTS */;
/*!40101 SET COLLATION_CONNECTION=@OLD_COLLATION_CONNECTION */;
